,cid,label,left,right,top,bottom,width,height,score
0,2,car,931,1156,486,583,225,97,0.7827789
1,2,car,931,1156,486,583,225,97,0.7827789
2,2,car,931,1156,486,583,225,97,0.7827789
3,2,car,931,1156,486,583,225,97,0.7827789
4,2,car,931,1156,486,583,225,97,0.7827789
5,2,car,931,1156,486,583,225,97,0.7827789
6,2,car,931,1156,486,583,225,97,0.7827789
7,2,car,931,1156,486,583,225,97,0.7827789
8,2,car,931,1156,486,583,225,97,0.7827789
9,2,car,931,1156,486,583,225,97,0.7827789
10,2,car,931,1156,486,583,225,97,0.7827789
11,2,car,931,1156,486,583,225,97,0.7827789
12,2,car,931,1156,486,583,225,97,0.7827789
13,2,car,931,1156,486,583,225,97,0.7827789
14,2,car,931,1156,486,583,225,97,0.7827789
15,2,car,931,1156,486,583,225,97,0.7827789
16,2,car,931,1156,486,583,225,97,0.7827789
17,2,car,931,1156,486,583,225,97,0.7827789
18,2,car,931,1156,486,583,225,97,0.7827789
19,2,car,931,1156,486,583,225,97,0.7827789
20,2,car,931,1156,486,583,225,97,0.7827789
21,2,car,931,1156,486,583,225,97,0.7827789
22,2,car,931,1156,486,583,225,97,0.7827789
0,2,car,931,1155,486,583,224,97,0.78522676
1,2,car,931,1155,486,583,224,97,0.78522676
2,2,car,931,1155,486,583,224,97,0.78522676
3,2,car,931,1155,486,583,224,97,0.78522676
4,2,car,931,1155,486,583,224,97,0.78522676
5,2,car,931,1155,486,583,224,97,0.78522676
6,2,car,931,1155,486,583,224,97,0.78522676
7,2,car,931,1155,486,583,224,97,0.78522676
8,2,car,931,1155,486,583,224,97,0.78522676
9,2,car,931,1155,486,583,224,97,0.78522676
10,2,car,931,1155,486,583,224,97,0.78522676
11,2,car,931,1155,486,583,224,97,0.78522676
12,2,car,931,1155,486,583,224,97,0.78522676
13,2,car,931,1155,486,583,224,97,0.78522676
14,2,car,931,1155,486,583,224,97,0.78522676
15,2,car,931,1155,486,583,224,97,0.78522676
16,2,car,931,1155,486,583,224,97,0.78522676
17,2,car,931,1155,486,583,224,97,0.78522676
18,2,car,931,1155,486,583,224,97,0.78522676
19,2,car,931,1155,486,583,224,97,0.78522676
20,2,car,931,1155,486,583,224,97,0.78522676
21,2,car,931,1155,486,583,224,97,0.78522676
