,cid,label,left,right,top,bottom,width,height,score
0,2,car,534,626,495,562,92,67,0.8566863
1,2,car,534,626,495,562,92,67,0.8566863
2,2,car,534,626,495,562,92,67,0.8566863
3,2,car,534,626,495,562,92,67,0.8566863
4,2,car,534,626,495,562,92,67,0.8566863
5,2,car,534,626,495,562,92,67,0.8566863
6,2,car,534,626,495,562,92,67,0.8566863
7,2,car,534,626,495,562,92,67,0.8566863
8,2,car,534,626,495,562,92,67,0.8566863
9,2,car,534,626,495,562,92,67,0.8566863
10,2,car,534,626,495,562,92,67,0.8566863
11,2,car,534,626,495,562,92,67,0.8566863
12,2,car,534,626,495,562,92,67,0.8566863
13,2,car,534,626,495,562,92,67,0.8566863
14,2,car,534,626,495,562,92,67,0.8566863
15,2,car,534,626,495,562,92,67,0.8566863
16,2,car,534,626,495,562,92,67,0.8566863
17,2,car,534,626,495,562,92,67,0.8566863
18,2,car,534,626,495,562,92,67,0.8566863
19,2,car,534,626,495,562,92,67,0.8566863
20,2,car,534,626,495,562,92,67,0.8566863
21,2,car,534,626,495,562,92,67,0.8566863
22,2,car,534,626,495,562,92,67,0.8566863
23,2,car,534,626,495,562,92,67,0.8566863
24,2,car,534,626,495,562,92,67,0.8566863
25,2,car,534,626,495,562,92,67,0.8566863
26,2,car,534,626,495,562,92,67,0.8566863
0,2,car,535,625,494,562,90,68,0.7970169
1,2,car,535,625,494,562,90,68,0.7970169
2,2,car,535,625,494,562,90,68,0.7970169
3,2,car,535,625,494,562,90,68,0.7970169
4,2,car,535,625,494,562,90,68,0.7970169
5,2,car,535,625,494,562,90,68,0.7970169
6,2,car,535,625,494,562,90,68,0.7970169
7,2,car,535,625,494,562,90,68,0.7970169
8,2,car,535,625,494,562,90,68,0.7970169
9,2,car,535,625,494,562,90,68,0.7970169
10,2,car,535,625,494,562,90,68,0.7970169
11,2,car,535,625,494,562,90,68,0.7970169
12,2,car,535,625,494,562,90,68,0.7970169
13,2,car,535,625,494,562,90,68,0.7970169
14,2,car,535,625,494,562,90,68,0.7970169
15,2,car,535,625,494,562,90,68,0.7970169
16,2,car,535,625,494,562,90,68,0.7970169
17,2,car,535,625,494,562,90,68,0.7970169
18,2,car,535,625,494,562,90,68,0.7970169
19,2,car,535,625,494,562,90,68,0.7970169
20,2,car,535,625,494,562,90,68,0.7970169
21,2,car,535,625,494,562,90,68,0.7970169
22,2,car,535,625,494,562,90,68,0.7970169
23,2,car,535,625,494,562,90,68,0.7970169
24,2,car,535,625,494,562,90,68,0.7970169
25,2,car,535,625,494,562,90,68,0.7970169
26,2,car,535,625,494,562,90,68,0.7970169
27,2,car,535,625,494,562,90,68,0.7970169
