vehicle,dist,angle,mean height,mean width,height to width ratio,width to height ratio,q1-1.5*iqr height,q3+1.5*iqr height,q1-1.5*iqr width,q3+1.5*iqr width
crv,15,0,67.27394957983194,88.99495798319327,0.7559298987762503,1.322873988208254,65.0,67.0,86.0,89.0
crv,12,0,76.33288104929896,104.29579375848033,0.7318883945220687,1.366328537909132,74.0,82.0,103.0,106.0
crv,9,0,101.16822429906541,146.9053738317757,0.6886625156062377,1.4520900692840648,100.0,104.0,138.0,146.0
crv,6,0,145.59714795008912,206.8752228163993,0.7037921021566989,1.4208741429970617,144.0,150.0,197.0,204.0
crv,3,0,260.5105263157895,352.82105263157894,0.7383644608866878,1.354344707760066,257.0,263.0,349.0,356.0
sedan,15,0,54.37294685990338,86.00772946859904,0.6321867487474443,1.5818110739924658,54.0,55.0,84.0,88.0
sedan,12,0,69.32007575757575,105.45643939393939,0.6573337404141448,1.521297232316057,68.0,71.0,99.0,102.0
sedan,9,0,87.56854838709677,122.24395161290323,0.7163425857206471,1.3959801077496894,90.0,93.0,124.0,130.0
sedan,6,0,128.92146892655367,183.34463276836158,0.703164673980032,1.4221419775538913,127.0,130.0,181.0,186.0
sedan,3,0,209.66922683051715,299.4147465437788,0.7002635282690075,1.4280338181711618,216.0,220.0,309.0,315.0
van,15,0,67.25369458128078,99.33990147783251,0.6770058514331052,1.4770921076725876,66.0,69.0,89.0,93.0
van,12,0,76.89162561576354,101.77586206896552,0.7554996248880713,1.3236273944519188,76.0,80.0,102.0,105.0
van,9,0,98.51693404634581,151.07130124777183,0.6521220988542908,1.533455163928494,98.0,101.0,142.0,151.0
van,6,0,130.30752688172043,175.93978494623656,0.740637070356427,1.350188965722113,136.0,139.0,178.0,187.0
van,3,0,266.67329047340735,393.8947983635301,0.6770165322855862,1.4770688045445979,201.0,278.0,389.0,400.0
