vehicle,dist,angle,mean height,mean width,height to width ratio,width to height ratio,q1-1.5*iqr height,q3+1.5*iqr height,q1-1.5*iqr width,q3+1.5*iqr width
crv,12,60,80.3731884057971,184.93478260869566,0.43460287606285014,2.3009511788306365,76.0,79.0,174.0,180.0
crv,12,30,82.83666666666667,146.63666666666666,0.5649110045236526,1.770190334392982,78.0,85.0,143.0,152.0
crv,12,0,76.33288104929896,104.29579375848033,0.7318883945220687,1.366328537909132,74.0,82.0,103.0,106.0
sedan,12,60,64.63584637268848,194.70128022759602,0.33197442922374426,3.0122801998283415,65.0,68.0,198.0,204.0
sedan,12,30,68.41176470588235,150.7825311942959,0.45371147548735646,2.204043878162537,68.0,69.0,139.0,143.0
sedan,12,0,69.32007575757575,105.45643939393939,0.6573337404141448,1.521297232316057,68.0,71.0,99.0,102.0
van,12,60,75.96669750231267,202.12303422756708,0.37584384082015604,2.6606794934242575,73.0,77.0,206.0,212.0
van,12,30,86.43993993993993,148.94144144144144,0.5803619134028932,1.7230627594712433,86.0,89.0,153.0,164.0
van,12,0,76.89162561576354,101.77586206896552,0.7554996248880713,1.3236273944519188,76.0,80.0,102.0,105.0
