vehicle,dist,angle,mean height,mean width,height to width ratio,width to height ratio,q1-1.5*iqr height,q3+1.5*iqr height,q1-1.5*iqr width,q3+1.5*iqr width
crv,3,60,230.64,486.40615384615387,0.47417163244392146,2.1089410069639,232.0,239.0,500.0,512.0
crv,3,30,206.29637096774192,377.81048387096774,0.5460313563934811,1.8313966556883596,193.0,205.0,374.0,391.0
crv,3,0,260.5105263157895,352.82105263157894,0.7383644608866878,1.354344707760066,257.0,263.0,349.0,356.0
sedan,3,60,188.67882392548535,462.54752553024355,0.4079122976805302,2.451507360004092,186.0,192.0,464.0,474.0
sedan,3,30,170.53636363636363,320.00444444444446,0.5329187347145431,1.8764587072279382,167.0,170.0,319.0,322.0
sedan,3,0,209.66922683051715,299.4147465437788,0.7002635282690075,1.4280338181711618,216.0,220.0,309.0,315.0
van,3,60,237.51904761904763,514.6952380952381,0.46147512166238,2.16696405300828,250.0,260.0,539.0,562.0
van,3,30,214.93984962406014,399.04323308270676,0.5386380016109962,1.8565344387308917,194.0,251.0,364.0,397.0
van,3,0,266.67329047340735,393.8947983635301,0.6770165322855862,1.4770688045445979,201.0,278.0,389.0,400.0
