vehicle,dist,angle,mean height,mean width,height to width ratio,width to height ratio,q1-1.5*iqr height,q3+1.5*iqr height,q1-1.5*iqr width,q3+1.5*iqr width
crv,15,60,67.86769230769231,154.11384615384614,0.4403737496755646,2.270798385999909,67.0,68.0,159.0,166.0
crv,12,60,80.3731884057971,184.93478260869566,0.43460287606285014,2.3009511788306365,76.0,79.0,174.0,180.0
crv,9,60,98.43051948051948,217.93766233766235,0.45164529354277405,2.214126913967925,96.0,100.0,218.0,238.0
crv,6,60,159.26896551724138,359.1333333333333,0.44348143359172465,2.254885828931035,138.0,142.0,320.0,328.0
crv,3,60,230.64,486.40615384615387,0.47417163244392146,2.1089410069639,232.0,239.0,500.0,512.0
sedan,15,60,53.8000852514919,160.00852514919012,0.33623261761415096,2.9741314423800658,53.0,54.0,161.0,161.0
sedan,12,60,64.63584637268848,194.70128022759602,0.33197442922374426,3.0122801998283415,65.0,68.0,198.0,204.0
sedan,9,60,86.33487511563368,210.00740055504164,0.4111039653243355,2.4324747128407336,86.0,87.0,213.0,218.0
sedan,6,60,105.0795559666975,282.43015726179465,0.3720550134782366,2.687774559604194,107.0,109.0,289.0,295.0
sedan,3,60,188.67882392548535,462.54752553024355,0.4079122976805302,2.451507360004092,186.0,192.0,464.0,474.0
van,15,60,69.45967741935483,177.94354838709677,0.39034670292318147,2.5618251480320446,69.0,72.0,177.0,183.0
van,12,60,75.96669750231267,202.12303422756708,0.37584384082015604,2.6606794934242575,73.0,77.0,206.0,212.0
van,9,60,94.76521739130435,255.46376811594203,0.3709536506495717,2.695754572704472,95.0,101.0,247.0,271.0
van,6,60,142.1681749622926,310.9841628959276,0.4571556751906684,2.1874386653581945,141.0,146.0,315.0,321.0
van,3,60,237.51904761904763,514.6952380952381,0.46147512166238,2.16696405300828,250.0,260.0,539.0,562.0
