vehicle,dist,angle,mean height,mean width,height to width ratio,width to height ratio,q1-1.5*iqr height,q3+1.5*iqr height,q1-1.5*iqr width,q3+1.5*iqr width
crv,6,60,159.26896551724138,359.1333333333333,0.44348143359172465,2.254885828931035,138.0,142.0,320.0,328.0
crv,6,30,135.51383399209487,268.82608695652175,0.5040948054048491,1.9837538282047542,133.0,136.0,255.0,259.0
crv,6,0,145.59714795008912,206.8752228163993,0.7037921021566989,1.4208741429970617,144.0,150.0,197.0,204.0
sedan,6,60,105.0795559666975,282.43015726179465,0.3720550134782366,2.687774559604194,107.0,109.0,289.0,295.0
sedan,6,30,114.01015965166908,230.81640058055152,0.4939430619527455,2.0245248430995635,114.0,115.0,224.0,229.0
sedan,6,0,128.92146892655367,183.34463276836158,0.703164673980032,1.4221419775538913,127.0,130.0,181.0,186.0
van,6,60,142.1681749622926,310.9841628959276,0.4571556751906684,2.1874386653581945,141.0,146.0,315.0,321.0
van,6,30,133.9746835443038,246.52784810126582,0.5434464486513964,1.840107709750567,132.0,136.0,249.0,255.0
van,6,0,130.30752688172043,175.93978494623656,0.740637070356427,1.350188965722113,136.0,139.0,178.0,187.0
