vehicle,dist,angle,mean height,mean width,height to width ratio,width to height ratio,q1-1.5*iqr height,q3+1.5*iqr height,q1-1.5*iqr width,q3+1.5*iqr width
crv,9,60,98.43051948051948,217.93766233766235,0.45164529354277405,2.214126913967925,96.0,100.0,218.0,238.0
crv,9,30,101.80049261083744,186.807881773399,0.5449475238647751,1.8350390747864798,100.0,104.0,183.0,191.0
crv,9,0,101.16822429906541,146.9053738317757,0.6886625156062377,1.4520900692840648,100.0,104.0,138.0,146.0
sedan,9,60,86.33487511563368,210.00740055504164,0.4111039653243355,2.4324747128407336,86.0,87.0,213.0,218.0
sedan,9,30,83.20190274841438,167.51479915433404,0.49668389401081603,2.01335298377568,82.0,84.0,168.0,171.0
sedan,9,0,87.56854838709677,122.24395161290323,0.7163425857206471,1.3959801077496894,90.0,93.0,124.0,130.0
van,9,60,94.76521739130435,255.46376811594203,0.3709536506495717,2.695754572704472,95.0,101.0,247.0,271.0
van,9,30,99.07399577167018,194.89323467230443,0.5083501022406153,1.967148222440357,97.0,101.0,169.0,193.0
van,9,0,98.51693404634581,151.07130124777183,0.6521220988542908,1.533455163928494,98.0,101.0,142.0,151.0
